"title","upvotes"
"Yay! Pop culture is finally listening to what we‚Äôve been saying for decades!",106
"ChatGPT has become an IO psychologist",102
"A Brigham Young University study of 80 newly formed teams found that groups that played video games together for just 45 minutes were 20 percent more productive than those that engaged in more traditional team-building exercises.",71
"AMA Tara Behrend, SIOP President-Elect, future of work researcher, professor at Purdue!",67
"What is the impact of forcing employees to commute back to work after working from home?",70
"20 years experience in corporate leadership training has taught me that 95% of it is a massive waste of money!",64
"Well, that's discouraging.",63
"[OC] I/O Psychology Salary Before and After Adjustment for Cost Of Living by State",59
"What are your unpopular IO Psych opinions?",58
"Got a stack of grad school textbooks I‚Äôm probably never gonna use again. What‚Äôs the best way to donate them?",57
"A Massive LinkedIn Study Reveals Who Actually Helps You Get That Job - Acquaintances, more than close friends, show the strength of ‚Äúweak ties‚Äù when it comes to employment",56
"Message to IO Students: Don't let imposter syndrome discourage you",51
"How are we to create any good change when this is how people feel",50
"Elon Musk scraps Twitter‚Äôs work from home policy",49
"lmao what are IO psychologists thoughts on Micheal Scott",46
"Age, salary, years of experience and job satisfaction/work life balance? How many hours do you work per week? What‚Äôs your position?",48
"IO psychology to the rescue!",44
"ChatGPT on what we would be a good name for our field.",45
"Data driven organizations",47
"IO Psychology Articles that Everyone Should Read",42
"What kind of person goes into IO?",42
"SIOP COVID transmission",41
"Gordon Ramsey inspired me to go into IO Psychology",40
"Announcing the Beth E. Buchanan Graduate Student Scholarship Fund",40
"Most Recent SIOP Income and Employment Survey",41
"Amazon‚Äôs attrition costs $8 billion annually according to leaked documents. And it gets worse.",40
"Walmart shooting raises need for violence prevention at work",40
"I really pissed off people at /r/recruiting by saying experience is not predictive of performance. Since they won't explain why, can someone here?",38
"Announcing upcoming AMA March 15h-16-17th at noon Tara Behrend, President-Elect of SIOP, future of work expert, and professor at Purdue!",37
"Consulting billing?",36
"What‚Äôs you‚Äôre favorite IO topic from the movie ‚ÄúOffice Space‚Äù (1999)?",37
"Are we ever going to be able to change this?",34
"SIOP after action discussion. Share the good, bad, and memorable thoughts and experiences here.",35
"Interesting, startup meets corporate",33
"Professionals in Consulting, how did you start your career, where are you now, and where are your next career steps?",33
"What burns you out in this field?",33
"Suggestions for how to keep up with IO Psychology research? - Specifically meta-analysis and systematic literature reviews",33
"How has a Ph.D in IO made a difference in your career compared to your Master‚Äôs?",30
"are you content with your io degree?",30
"Is IO Psych inherently anti-labor? Why or why not?",28
"The Rise of the Worker Productivity Score - automated worker tracking for the purposes of performance management",31
"What's the most revolutionary paper in io-psych in the last year?",32
"What is the latest in IO Psych? How do you keep yourself up to date with the latest research and news?",27
"People Analytics?",27
"Why does everyone hate The Chicago School of Professional Psychology?",28
"Has anyone here transitioned from more traditional IO Psych work to UX Research?",27
"How to get into Consulting (Human Capital and Organizational Development)",26
"Wage gap‚Ä¶",25
"Job board specifically for I/O Psychology",25
"I/O Podcast",24
"Vox article: ""Job interviews are a nightmare ‚Äî and only getting worse""",26
"How many people here are consultants without a Mba or a Ph.D. degree?",25
"Is there any scientific proof that personality and cognitive tests work for recruitment?",25
"Under new WHS laws, Australian employers will have an active duty to protect workers from psychological injury",26
"Free virtual conference for undergraduate students interested in obtaining a PhD in I/O, hosted by SIOP on Nov. 7th and 8th. Save the date!",25
"I have an interview as a Talent Assessment Consultant and was hoping for some pointers.",24
"Breaking into I/O Psychology with a BA in Psychology",25
"I know this question may sound a little dumb but what do you do everyday in the office?",26
"Most Respected/Top IO Psych Programs?",24
"Starting salary with a masters in I/O?",24
"Do I/O Psych PhD programs suck your lifeblood?",24
"Expectations vs Reality?",25
"Is there research around optimal amounts of PTO for employees to take?",24
"Good to see some more light shined on PA outside of the I/O space. Thoughts on this description?",23
"Ethical leadership in workplace settings can cause narcissists to become angry and withdraw: Study finds that anger is the mediator between those with narcissistic personality traits experiencing ethical leadership and their subsequent withdrawal.",22
"My job not only wants me to create a training which no needs analysis was done for but also wants me to just come up with a quiz for the end of it",24
"What skills can I add to become more employable?",23
"What is the highest paying jobs in IO Psychology?",23
"I/Os on an island who eventually built your own team, how did you do it?",23
"I/O career down the drain",23
"Digital Nomads",24
"Disappointing Job Search",22
"Interesting New TIP Article: I-O and HR: Does HR Know About Us? (***Spoilers**** Nope)",21
"The psychology of layoffs",22
"People Analytics / HR data analytics question",23
"HR Data Analytics / People Analytics Certifications?",21
"How much do I have to like the I side to realistically enjoy working in IO? Am I considering IO for the right reasons?",22
"What do you think are the challenges that I/O psychologists are currently facing?",21
"What's your personal shortlist of companies that you'd like to work for? What makes them interesting to you?",23
"Python and R courses online",22
"Do you do Org Development / Org Effectiveness Work?",22
"RStudio is rebranding to Posit in an effort to expand beyond the R community",22
"Are there studies on ‚Äúwork speak‚Äù/the common lying that goes on?",22
"Remote work posts: an evidence-based reviews",23
"Does something like the O*NET exist in other countries?",22
"what do your jobs consist of daily?",22
"Hello everyone! I did a psychometric test for a company. I googled it but can't find it. I had to draw straight lines (of a character size) and as many as possible during 1min intervals by 5min. Does anyone know what the test is called or what it is for? I attach an example.",21
"Jobs in I/O",22
"The DSM of I-O Psychology",21
"How do you find companies to work for outside of job boards like LinkedIn/Indeed?",21
"Four-day week: ‚Äòmajor breakthrough‚Äô as most UK firms in trial extend changes",21
"How will ChatGPT hurt our field? How will it help it?",21
"America, we have a problem. People aren't feeling engaged with their work",21
"You‚Äôre an I/O psychologist on a quest to save the world.",22
"What are some interesting topics you think should be researched nowadays in the IOPsychology field?",21
"What ethical problems have you encountered in your career?",21
"Are there companies which most IO Psychologists strive to work in?",21
"Been having trouble finding a job right after getting my Masters",21
"I-O to business analyst career path?",22
"What Excel skills are most important to know for a career in this field?",20
"Can you make $100k without a master's? Can you become a consultant without a master's?",20
"Baby Boomers Are More Sensitive Than Millennials, According To The Largest-Ever Study On Narcissism -",19
"Neurodiversity within I/O",20
"A guide for People Analytics?",19
"The absence of complaints is one of the surest sign of failing leadership",21
"Recently laid off and looking for community help",19
"Is an I/O background useful for project management?",21
"Any airlines that hire I/O Psychologists?",20
"If you could do it all over... Would you still choose IO?",21
"Job title?",20
"I-O Psychology Academic Tree",20
"Will studying IO be useful for HR? What research can I do in the field of IO to show my interest in HR?",20
"Harvard Business Review",19
"Is it always true, that you shouldn't give people bonuses based on performance, because extrinsic motivation kills intrinsic motivation? What about job titles or other reputation symbols as rewards?",18
"Best Journals in the Field",19
"Interested in I/O. Coming from sales. Long shot? Need advice.",18
"Are there any good online resources to learn the math/statistics part of IO Psychology?",20
"I got accepted to UGAs IOMP!!!",18
"Anyone excited to go to SIOP?",18
"Just for funsies, do you prefer I/O Psychology or I-O Psychology",18
"Is our field dying? I feel like any Joe Blogs gets roles in fields IO psychs are working in. What do you think?",18
"Feeling a bit lost.. (CA)",18
"A leaked Amazon memo may help explain why the tech giant is pushing (read: ""forcing"") out so many recruiters. Amazon has quietly been developing AI software to screen job applicants.",18
"Taking 4-5 years to do part time masters in US. Concerned about knowledge retention.",18
"People who got their masters in IO with a BA in psych: What was your minor?",19
"What keywords can I use to look for entry-level jobs in psychoanalytics",18
"Tips to get into People Analytics role",19
"U.S. Department of Justice opens probe into Maryland State Police over possible racial discrimination in hiring and promotions",18
"Career paths with IO psych?",18
"Job-seekers prefer to work for more diverse companies - ""A new study finds that job seekers are even willing to explore jobs with lower salaries when companies are more diverse.""",18
"The comments in this thread are so misinformed. As a discipline, how can we do better at demonstrating that pre-hire assessments are valid [not pseudoscience]?",18
"Do I stand a chance?",17
"Graduating with an IO psychology degree and need advice please!",17
"What factors should I be looking for in a college to be successful in the future for IO Psychology? What does a linear path look like?",18
"What are the most valid personality tests for recruitment?",17
"What made you decide I/O",17
"Trying to get HR internship here with no experience. HELP!",17
"Am I low-balling myself?",16
"Working from Home",17
"Managing People Help",16
"First SIOP Acceptance: What to do",17
"Introductory books to IO Psychology / Podcast recommendations",16
"what does a day in the life as an io psychologist look like?",16
"Currently a clinical Psych RA, contemplating shifting to an I/O career‚Ä¶what relevant experience do I need to apply to programs?",16
"the logistical issue for completing a competency model across 50 job families with unique behaviors for each career level (20 total).",16
"Are there I/O psychologists that work for the video game industry?",17
"Book recommendations",17
"Research relating to game-based assessments?",17
"How do you apply machine learning techniques to IO concepts?",16
"Looking for studies comparing remote versus office workers' performance. Specifically, something about bias, heuristics, etc. Any suggestions?",17
"Is masters in general psychology enough or is IO masters essential?",15
"Most research active organizations?",15
"could artificial intelligence replace IO psychology in the future (2-3 decades)",15
"Experiences from People Analytics",16
"How do you get your value proposition in layman‚Äôs terms? I always hit a wall trying to explain what I do in a compelling manner without boring or confusing people.",15
"How can I learn to do job analysis (beyond simply re-reading my IO Psych textbook)?",16
"Is this a good job offer?",15
"Advice for the statistical portion of I/O Psych",15
"Has anyone ever worked for a company where they actually did job analyses? (During or before you practiced I/O)",15
"Knowledge diversity and hierarchy affect team effectiveness. Diverse teams function well only under the right leadership structure.",15
"Undergrad job search",14
"Pre I-O Jobs",15
"Recent Master's Grad looking for job help",15
"Normative vs. Ipsative personality tests in selection",16
"Looking for audio book recommendations",16
"Am I getting paid enough? I recently defended my dissertation after 8 years grad school experience, I was abd for 2 years (thanks COVID), and have been at my company full time for 1.5 years. I‚Äôm also required to come into the office full time and live in San Diego. I make 103k base salary‚Ä¶",15
"How do you dress for your job and what type of bag do you use?",16
"Research on drinking culture at work?",15
"How to assess the responses to behavioral interview questions?",15
"What can I be doing to improve my skillset during my free time?",15
"We are all playing for the same team right?",14
"IO psychology masters personal statement",15
"Undergrad looking for internships, is HR my only realistic internship?",15
"Are there any free/affordable online learning resources for IO?",14
"Where do you find surveys to use?",14
"IO and Data Science/Analytics Question",15
"Undergrad student looking for advice on the field",13
"Is there research around the benefits/drawbacks of keeping self-evalutions but removing the quantitative component for performance reviews?",13
"Are SHRM or HRCI certs valued in the I/O field?",13
"SIOP registration transfer",13
"What are the top or most prestigious I/O psych schools?",13
"Crosspost: Someone asked a question about the validity of MBTI, by the time I set up this submission, it was locked and removed",12
"People Development",13
"What type of internship would you recommend?",13
"Recommendations on a measure/scale to get a sense of how people are feeling prior to a big structural change? I intend to run it a few times this year to keep a pulse on things. JAWS, JDI and JIG are options but there may be something more appropriate that I‚Äôm not aware of?",13
"Marrying 20 years in tech to IO",14
"Seeking employment in mid-career.",14
"Company plans on sending out surveys for ""pulse checks"" a few times a year. To keep it to a practical amount of questions (I'm guessing 5-10) that provide actionable data, what constructs/questions would be be best to include in the survey?",13
"Reliability and validity",12
"Who are some of the biggest unconventional team / leadership development consulting firms?",12
"SIOP Conference too expensive?",14
"Research has found that you are more convincing when you phrase your opinions in form of a story rather than just stating facts or referencing scientific papers. How can I learn to communicate more in stories?",13
"I am stuck in my career. Where do I go from here?",12
"Break before Grad school",12
"Frameworks/models for ""good job"" other than Job Characteristics Model?",12
"Are the cognitive skills of ""deductive and inductive reasoning"" considered ""pattern recognition""? Or, are they separate from ""pattern recognition""?",13
"Workplace politics: how to make an executive committee comprised of ambitious, political, and competitive people work.",14
"Have you ever helped a friend or family member with finding a suitable career for them?",14
"Would I be a good fit for IO psychology? Would I be interested?",13
"What are the books/journal articles/literature that you live by as a researcher/practitioner in I/O Psychology?",13
"Question on starting/teaching an I-O course at a community college.",12
"ChatGPT on how to use ChatGPT for HR",12
"How to start my career in IO?",11
"What is the best text?",12
"Would I be happy as an IO psychologist?",13
"Best book on qualitative research method",12
"graduating in the spring w/ master‚Äôs degree; when do I start applying, where are the best cities for IO psychs?",12
"Psych Major wanting to get into hr [resume question]",12
"People with political skill are more likely to end up in leadership positions, but are people with political skill better leaders?",11
"Research paper topic ideas",11
"IO certification options",12
"Has anyone successfully used their skills after getting a dual IO/MBA Degree?",11
"Phd IO Psych Stipend",11
"Should I take the job?",11
"Differences between IO Psychology and Software Engineering?",12
"What should I read to learn about pay for performance?",13
"Podcasts for commute",13
"Just finished my Master's IO Psych and am looking for advice",11
"Topics that Don‚Äôt Have Enough Research",10
"Neurodivergent Selection",12
"Stats in the industry",11
"Engagement vs. Experience",10
"Attrition analysis",11
"Time-to-Event Analysis Aversion",11
"Where could I find some I/O firms from South America, and Asia?",10
"How is IO Psychology",11
"U.S. Supreme court heard arguments for and against use of any racial criteria in university admission policies. Has race based affirmative action served its purpose and diversity does not require a consideration of race at any level of admission and thus be eliminated?",11
"OD Consultants: how do you put your experience on your resume?",11
"Gift ideas for an IO Psychologist?",12
"Pay Transparency Strategy",11
"BS Psych Major in undergrad. Is Minor in Neuroscience going to be useful?",11
"Excel course for People analytics role starting out?",11
"is the adkar model of change just a product? or is it",11
"I-O Psychology jobs",12
"Is marketing part of my job??",11
"Associations Between Occupational Status, Support at Work, and Salivary Cortisol Levels",11
"Fall 22 PhD Admits I/O",12
"What should I do to help build my resume for IO",11
"Cry for help: thesis on disidentification",13
"Question about being a Recruiter for a company such as McKinsey",10
"Humanitarian Work Psychology",12
"Looking for highly regarded research on succession planning.",11
"Have any of you done freelancing or used Upwork?",11
"IO or HRM masters?",12
"Concern over not committing to an original thesis idea",11
"Spurious correlation exercise",11
"LGBTQ+ Researching Scholars",10
"Psych->corporate",9
"Systems Theory Resources",9
"‚ÄúAI Based‚Äù Assessments",10
"Upon graduation with a masters level degree in IO, would I be doing myself a disservice applying to a small company?",9
"Should I major in psychology at the University of Minnesota or would it be better to go to the business school (Carlson school of management) and go for human resources and industrial relations major?",10
"Soft Social Credit Score",9
"Does anyone also have HR certifications?",10
"What job analysis methodology do you recommend? I want to strengthen a selection process for a high risk role but want to look deeper into the reality of the role. Any references welcome.",11
"Team exercises?",10
"As the economy heads into a potential recession, executives seek out consultants and organizational psychologists to reverse the trend.",10
"How do you define belongingness?",11
"What do you think about having two teams in your company with exactly the same tasks, and having them be rivals to each other?",10
"What can we learn from recruitment?",11
"looking for a job.",10
"Difficulty of Master's Program?",11
"Tips for breaking into people/talent analytics?",11
"The Many Forms of Toxic Leadership Article",11
"Undergrad research",9
"Prioritizing people ops",9
"Employee Referral Programs",11
"Is there research/ what is your experience with this - Perceptions of unfairness when blind selection results in non-diverse outcomes",9
"What should I read to learn more about the relationship between workforce diversity and organizational performance?",11
"Name vs program",11
"Can I talk to any IO psychologists? Basic questions for someone interested in learning about how life as an IO psychologist is.",10
"Is broad or focused experience better?",9
"What research/ area/ article should managers in an organization be specifically reading or following?",10
"Career advice needed please",11
"How often is social network analysis methods used in IO?",9
"Job analysis question for practitioners",9
"Bi-Weekly /r/IOpsychology Discussion - What have you been reading, and what do you think of it?",9
"Virtual SIOP Conference vs in-person",10
"Online Courses (ie. Coursera)",8
"Graduating with a Major in Psychology and Minor in Business. How should I proceed post-grad?",8
"IO Psychology and CSR",8
"How long after you received your graduate degree did you land a master‚Äôs level job?",9
"Careers similar to I-O psych that use more statistics and data science aspects",9
"Another week, hopefully those applying are hearing back!",8
"Class of 2023, has anyone heard back from any graduate programs yet?",9
"Book recommendations?",8
"IO Psych advice for undergrad",9
"What internship would you go for as an undergrad?",10
"Good, Bad, and Ugly Leadership Patterns: Implications for Followers‚Äô Work-Related and Context-Free Outcomes (Journal of Management, 2021)",8
"Realistically, What Are My Grad School Chances?",9
"Any readings about the math and statistics behind classical test theory?",10
"What are you working on? - November 2022",10
"Interview request - job shadow",8
"I/O & Performance Psych",9
"Is IO Psychology for me?",8
"What are the best books about Machine Learning driven organizations?",9
"What are the most common I-side applied roles?",9
"Do I/O Master's programs typically require you to be employed to do certain assignments/projects?",9
"Interested in I/O",9
"What are good primers on industrial/organizational Psychology?",8
"Textbook help",8
"I/O vs Business Psychology",8
"Difference between Job rotation, Job enlargement, and Job enrichment",10
"Democracy in the Workplace",10
"Jobs I/O Related (Post-grad)",9
"What do you all think about mediation analyses on cross-sectional data?",10
"Need advice before opting for a masters.",10
"Bi-Weekly /r/IOpsychology Discussion - What have you been reading, and what do you think of it?",8
"Bi-Weekly /r/IOpsychology Discussion - What have you been reading, and what do you think of it?",8
"Question",8
"What tools do IO Psychologists use?",8
"what were your graduate school classes like?",11
"How to explain the purpose of an IQ test without calling it an IQ test?",9
"Career with chronic illness?",9
"How to get research experience",8
"IO- and Neuropsychology topics",9
"Bi-Weekly /r/IOpsychology Discussion - What have you been reading, and what do you think of it?",8
"Does io psych talk about why professional world words can sound extremely formal, maybe royal? for example interviews are often not done ""done"" but ""given"" or ""offered""?",7
"How to break into the I/O field?",9
"Volunteer or gig I/O work?",7
"R users, why not python?",7
"Future of continuous listening?",9
"What are possible jobs to work before pursuing a masters?",8
"How can I learn more about developing questionnaire items?",8
"job change",8
"Potential Internship opportunities",9
"What global job evaluation methodology do you rate as the most practical and effective?",7
"Any recommendations for good certification courses for some with 3-5 years experience?",8
"Need inspiration for ad-hoc data projects",8
"What are you working on? - December 2022",8
"Any tips on taking the SHRM certification?",9
"German IO Job names",8
"I/O psychology vs Buisness analyst",8
"Finally, some ‚Äúme time‚Äù: A new theoretical perspective on the benefits of commuting",8
"Trying to find access to an article",8
"Practitioner Conferences?",8
"Book recommendations for getting into change consulting practice",7
"There is the saying that you can‚Äôt improve what you don‚Äôt measure. So how do you quantify employee performance?",9
"I/O psychology mentor - Talent management",9
"Predictive Index?",8
"Survey platform for independent contractor use?",7
"I/O Intern asking for advice and guidance!",9
"Factors that influence the type of occupation a person gets into",8
"Best material to learn about performance appraisal/management?",6
"Hi. I reviewed the rules and think this acceptable here: Completed MA I/O Psych and seeking advice for part-time consulting employment",9
"I/O Career.",9
"Professor career outlook?",8
"Advice for activities during a gap year",8
"Case Interview for Consulting Jobs",7
"Is Job experience, or research experience more important for MA?",8
"What are the cornerstones of a good onboarding procedure?",8
"Telework satisfaction, wellbeing and performance in the digital era. Lessons learned during COVID-19 lockdown in Spain",7
"Is it crucial to have a business major background prior to MS in IO Psych?",7
"Intern experience",8
"What do applicants dislike about selection procedures?",7
"Career Path Advice",6
"Possible to break into the field (again)?",8
"What explains recent tech layoffs, and why should we be worried?",7
"Why am I so unproductive at my desk but not other areas?",7
"Looking for your: Recommended Resources and Career Guidance",7
"I/O Career help.",7
"IO Psychology Careers Job Security",7
"What is your professional opinion in thebusage of this question and your knowledge of this general approach to candidate screening?",7
"Employee-focused careers in I/O",7
"Should I pursue I/O psychology if I wish to get a master's abroad and work in that same country abroad?",7
"IO Consulting firms profit and experience",7
"Post-Grad school options of I/O",7
"Bi-Weekly /r/IOpsychology Discussion - What have you been reading, and what do you think of it?",7
"Work-life Integration - question regarding my degree thesis",8
"SIOP Conference Decisions?",7
"Alternatives to MTurk",6
"Bi-Weekly /r/IOpsychology Discussion - What have you been reading, and what do you think of it?",7
"Research into IO Psych",9
"Employee Experience Management",8
"Providing interview questions to applicants prior to the interview.",9
"competency model developed with company values",8
"Ever Thought About Strikes? Development of a Scale to Assess Attitudes and Behavioral Reactions to Strikes",8
"Recommendations?: Where to start an I/O Psych career?",7
"Is it better to send corporate survey before Christmas or after New Year's?",7
"Interview Request - Job Shadow",6
"Case study resources?",7
"Counter argument",8
"Literature review topic on disabilities",7
"Looking for research on retirement",7
"Looking for advice on how to organize L&D in tech product company",7
"MS in IO? Need Advice",7
"Digital nomad and IO",8
"Lack of psychological safety",7
"Should one attain a BS or BA degree in undergrad when the goal is to pursue a graduate degree in I/O Psych? Or does it not matter?",7
"Early IO experience",8
"Data Analysis & Insights!",6
"What are you working on? - May 2022",7
"Building an inclusion network",6
"I/O careers and opportunities in the sports industry?",6
"General I/OP career advice",6
"Is there a list for I/O programs in California",6
"How to choose an assessment for a hiring process?",7
"Looking to make a Lateral move from non-profit Child welfare education/mental health based programs as a Supervisor, into Data analytics type role",5
"Conferences other than the annual SIOP conference?",6
"what are you doing for your continuous listening strategy?",5
"Bi-Weekly /r/IOpsychology Discussion - What have you been reading, and what do you think of it?",6
"Looking to talk with someone who does Executive Coaching for their career. I'd like to learn more about your day to day life and see if this is a good path for me to take. Thank you so much.",6
"Do you need to know about IO psych before you register to a master degree of IO PSY?",6
"Which bachelors degree would be most beneficial",4
"Transition to people analytics role but lack IO background",7
"Education requirements",5
"Need help with the right approach for measuring employee's motivation (+ does anyone have the MWMS scale scoring?)",5
"Low GRE score. What are my chances?",6
"Help me design a silly experiment for fun",5
"Bi-Weekly /r/IOpsychology Discussion - What have you been reading, and what do you think of it?",5
"Any research on what factors affect the validity of assessment methods?",6
"Hi, does anyone know whether the recovery experiences scale is free to use for research purposes? Does it require permission from the authors?",6
"How would you approach translating survey items and academic material into multiple languages? How can you ensure consistency of meaning etc?",6
"PhD and working full time? Good or bad idea? Hi I‚Äôm considering doing both, hopefully trying to match both (ie research topic being relevant to the org and myself). Have people done it? The potential PhD supervisor seems okay in terms of time expectations on the work.",7
"Curious if anyone would be willing to share how they structure their select assessments function in their company",6
"Organizational Behavior vs I-O Psychology differences",6
"Prepping for Masters in IO Psychology",6
"Certificate in IO Psych vs. MA in IO Psych",6
"my predictive index results",6
"What/why do proposals get rejected from SIOP Annual Conference? What typically gets accepted?",6
"How to foster psychological safety at work?",5
"What of note has been going on recently in business consulting and change management?",6
"The war for talent - is it still a thing in 2022/2023?",7
"Scales of measurement",6
"Mentioning company names in personal statement for Masters?",6
"Just a quick question from some considering going into I/O psychology",6
"Currently in undergrad, I need answers about I-O.",6
"Assessment Strategy",6
"what do IO psychologist do?",6
"Is IO still worth it if I don‚Äôt want to live in big cities? How‚Äôs the job market looking due to current lay off in big companies?",5
"Bi-Weekly /r/IOpsychology Discussion - What have you been reading, and what do you think of it?",5
"Certain practices more/less effective depending on cultural context?",5
"Followup question on ADKAR question from earlier this week- Commenters mentioned using ADKAR with Kotter or Lewin's theories. That makes sense, but in your opinion, do clients or hiring employers care about other methods when ADKAR/Prosci is repeated everywhere as THE CERTIFICATION?",6
"Does Your School Conduct Research on Teams?",7
"How binding is a PhD in IO Psychology? Could you still teach other topics within psychology? Could you open a clinical practice?",6
"IO psyc job prospects in Canada (Quebec and Ontario?)",6
"Bi-Weekly /r/IOpsychology Discussion - What have you been reading, and what do you think of it?",6
"What are current trends, buzzwords and concepts in the applied setting?",5
"ADVICE NEEDED: Path to IO Psych Professor",5
"Top tier company but shitty job position",6
"USA I/O PhD Salary/Stipend",6
"Help developing research question on AI in work",6
"Baruch Executive Master in IO",6
"Who's at SIOP?",5
"Question: can an undergrad IO degree be used in a sports organization?",6
"Mentoring Communities",5
"How to improve organizational culture?",6
"Job path",5
"What to do next.",4
"What was your most memorable and/or favorite gradschool experience?",5
"How to evaluate the effectiveness of an innovative idea before implementing it?",5
"IO Psychology Transition Advice Needed!!!!",5
"Hogan Certification worth it?",5
"Conferences?",5
"Work & Organisational Behaviour Research - Request for Survey Participants (Work Ability & Presenteeism)",4
"Best measure of social support?",5
"Power BI or Tableau?",3
"Corrective plans for low performing account managers",4
"2022 SIOP REPORT ?",5
"Should I get a Design Thinking Certification?",5
"Limitations of Open Science in Field Research",5
"Question about questions",4
"is it hard for a foreigner to find i/o jobs in the us?",5
"Bi-Weekly /r/IOpsychology Discussion - What have you been reading, and what do you think of it?",6
"career help",6
"Database of work sample tests?",5
"How to remove careless responding from reverse scored survey",6
"What do you read for fun?",4
"What are the dream positions or organizations in this field?",5
"Thoughts on the Lumina Spark for Leadership Development",5
"Any org psychs in MBB consulting?",6
"The Effects of UPcomplish on Office Workers‚Äô Sedentary Behaviour, Quality of Life and Psychosocial Determinants: A Stepped-Wedge Design (International Journal of Behavioral Medicine, 2022)",5
"Best way to measure how something affects Job Satisfaction?",4
"Bi-Weekly /r/IOpsychology Discussion - What have you been reading, and what do you think of it?",4
"Experience using RevMan, Covidence or other software for a meta-analysis",5
"Working in a corporation? career?",4
"Hi everyone, is anyone familiar with a predictive framework that uses customer a type of psychological profile of a customer to predict how a customer/client will value your business?",4
"What are some survey question's to check whether employees are in the right place and are doing the right and most efficient work?",5
"Study Design - Retrospective Standardized Testing and Employment Outcomes",4
"Bi-Weekly /r/IOpsychology Discussion - What have you been reading, and what do you think of it?",6
"Im at a loss on what to do for my future career in psychology, can ya'll give me some ideas?",5
"Can social impact programs amplify employee voice and create a positive DEI environment in the workplace? A webinar got me thinking.",5
"PhD advisors with emphasis on personality/intelligence?",6
"Asking for a raise / post graduation",5
"Recent college graduate",5
"Get a second bachelor‚Äôs degree?",5
"Interested in OD/OBM consulting - how essential is grad school?",5
"(Re-)live in-person SIOP 2022 with this funny highlights reel!",6
"I need suggestions for the intervention of work teams in the field of organizational development",5
"What are good companies and titles that are relevant into getting a good occupation once I obtain my Bachelors in IO Psychology?",5
"Talent Acquisition and Recruitment",5
"Being thick-skinned vis-a-vis enduring toxic culture.",5
"Job titles/Industry",4
"Applying to NSF GRFP?",5
"Survey wording question",5
"Bi-Weekly /r/IOpsychology Discussion - What have you been reading, and what do you think of it?",5
"Is the Chicago School of professional psychology a bad school?",5
"Atlanta vs Dallas for IO Jobs",6
"Entering IO Psych. profession with a Social Psych. graduate degree",5
"Organizational Development Careers/Career Path",5
"SIOP Conference First-timer",6
"Question on Hertzberg's Two Factor Theory",5
"Tools for auditing company culture?",4
"What is the research design for this?",4
"Occupational stress index",4
"Is it possible to go from a masters in I/O to Clinical psychology?",4
"Interesting discussion of I-O Psychology field and in its tensions in 2013. How similar does this feel to you?",4
"Gender-biased language decoder",4
"Writing sample topics",4
"Do career interest surveys actually do anything?",4
"Research and Discussion of Perceptions on Applicant Assessment",4
"Lab equipment - recommendations",4
"Experience with the OCAI assessment?",4
"Take more IO Pysch classes without being enrolled in a degree program?",5
"IO Discord link PLS",4
"Really struggling with my SoP",5
"Data informing workforce strategy and planning",5
"Recent I/O Masters Grad with no experience",3
"How do you pitch your ideas?",5
"Would online Coursera courses fulfill grad school prerequisite?",3
"A New ScienceForWork Article & Audio Episode (See Link)",4
"Starting Salary of occupational/ I-O psychologist in UK",4
"Unconcious bias",4
"Second-year Canadian university student with questions about research and career paths.",4
"Qualitative network analysis?",4
"How hard is it to learn Tableau?",5
"Licensing",3
"IO resume question",4
"Would appreciate advice.",4
"What are your thoughts and experiences regarding peer appraisal?",5
"Examples of work injustice, CWBs in tv shows, movies?",4
"Have you ever done a post-exit interviews?",4
"OCCUPATIONAL HEALTH TOPIC + CAREER PATH",4
"Leadership Development Benchmarking",4
"The linkage between cognitive diversity and team innovation: Exploring the roles of team humor styles and team emotional intelligence via the conservation of resources theory",4
"E-leadership prevalence in post-pandemic workplace, thoughts?",4
"Bi-Weekly /r/IOpsychology Discussion - What have you been reading, and what do you think of it?",3
"What are you working on? - September 2022",4
"Who are the leading academics/practitioners in the field that study/develop unobtrusive measures?",3
"Interpretable machine learning models",4
"Need a shorter assessment for employee works styles that can be used to facilitate team development",3
"What are you working on? - August 2022",5
"Potential jobs with an MSc IOBP degree in the UK?",3
"If my dream is to teach psychology at the university level, should I get a PhD in IO?",5
"Scope for IO Psychology in UK?",4
"Looking for citations for recruiting method",4
"When and why does status threat at work bring out the best and the worst in us? A temporal social comparison theory (Organizational Psychology Review, 2022)",4
"IO Psych Student - Tell me what I should know!",4
"What other courses would you go for?",4
"Breaking into I/O",5
"Working on an article for common stats methods in our field, however topics on regression are all over the place.",3
"Business Psych undergraduate",4
"Looking for information on technology-based assessments (preferably systematic reviews or meta-analysis) - any recommendations?",4
"A question about Herzberg‚Äôs two-factor theory",4
"Research on Personnel Selection",3
"RMPA Presentations?",3
"Journal recommendations",3
"Scale for Seeking Relationships at Work",3
"Open Source Tableau",3
"Job analysis",3
"Value of an education in IO psych",2
"what do you do with your assessment data on leaders?",3
"SIOP Conference question: Does anyone have an extra room at the Sheraton?",3
"Reporting / BI Analyst Salary",3
"Leadership Development Certifications",3
"Survey crowdsourcing",3
"NEED SOME ADVICE <3",2
"What do you regard as essential readings on change and resilience?",3
"Where can I find sample social network analysis data sets?",3
"Questions about the field from an undergrad",3
"Help, please recommend short courses or books one can refer to up-skill themselves in the field of IOBP?",3
"Hello, how can a fresh graduate go about finding jobs in this field in London/UK market?",3
"Beginner Resources for Network Psychometrics?",4
"burnout studies in organizations",3
"Bi-Weekly /r/IOpsychology Discussion - What have you been reading, and what do you think of it?",3
"If someone said ""the way we work has not changed much since the industrial era"" what kind of data or proof would you identify to reinforce that?",3
"How do you define personality?",3
"What are you working on? - October 2022",3
"From Finance into Psychology/Life Coaching",3
"Strategies on organizing citations",3
"The presentation(s) I most hope to see at SIOP23...",3
"Literature Search/Sources",3
"Personality assessment tools used while recruiting",2
"Does anyone know of any books (academic or other) that do a good job highlighting the engagement research that has been and is coming out of social media?",3
"Any resources for tree models in psychometrics?",3
"Racial barriers to MSP world.",3
"Looking for research on differences in requirements (KSAOs) by job clusters / job families",3
"5/6 months until I start applying for Masters - what do I do?",3
"Looking for measures of applicants' acceptance of test batteries",3
"Bi-Weekly /r/IOpsychology Discussion - What have you been reading, and what do you think of it?",3
"Questionnaire For Org About Internal Candidate‚Äôs Perceived Potential to be CEO ?",3
"How useful is data science in I/O Psychology?",3
"How do I/O‚Äôs help both management AND employees at the same time?",3
"Performance management",3
"What is the most frequent type of analysis you conduct at work?",3
"how does the industry of I/O Psych treat tattoos and piercings?",3
"Bi-Weekly /r/IOpsychology Discussion - What have you been reading, and what do you think of it?",3
"Clinical psych masters student looking at I/O",3
"Where to find conferences related to HR / Psychology / OD",4
"Will my GPA kill me in grad school apps?",4
"Tests of General Mental Ability for personnel selection that avoid bias?",2
"Are performance reviews illegal for global independent contractors?",3
"Organizational demography",3
"Is there any way for getting access to Academy of Mgmt articles (w/o paying for it?) Sci hub doesn't seem to find those articles. pls help",3
"AlixPartners Assessments",3
"Do Internships in Different Countries Matter?",2
"Bi-Weekly /r/IOpsychology Discussion - What have you been reading, and what do you think of it?",2
"IO Icebreaker activity",2
"should I go for a UX research bootcamp",2
"Going Insane Waiting to Hear Back About Graduate School...",1
"Bi-Weekly /r/IOpsychology Discussion - What have you been reading, and what do you think of it?",2
"How to create a relationship map?",2
"Impact of Transactional Analysis (TA) in the workplace",2
"Trying to write a narrative review paper but I am struggling",2
"good warm up, or refresher in the work of IO psychology",2
"Bi-Weekly /r/IOpsychology Discussion - What have you been reading, and what do you think of it?",2
"did anyone not get SIOP feedback?",2
"Interpretation of Hogan Assessment Results (HPI, HDS)",2
"Please Share Your Newly Published Articles",2
"I/O topics with small moral components?",2
"Bi-Weekly /r/IOpsychology Discussion - What have you been reading, and what do you think of it?",2
"Keywords to look for when looking for an internship?",2
"Is there a list of tests for various traits",2
"Best online master's program for I/O psychology?",2
"Job opportunities",2
"cut-off scores",2
"Example of Job Analyses?",2
"Engineering to IOP",2
"Looking for participants for my graduate capstone project",2
"Where to sell old text books?",2
"What Is a Performance Management Cycle?",2
"Bi-Weekly /r/IOpsychology Discussion - What have you been reading, and what do you think of it?",2
"Why Warmth Is the Underappreciated Skill Leaders Need",2
"Need advice on purchasing a index for use in a study",2
"Courses to supplement unrelated bachelors",2
"Not sure how to continue learning I/O psych during undergrad",2
"Virtual interview nightmares",2
"Do you think it makes more sense to study combinations of Big 5 traits rather than individual traits?",3
"Social Platform for Organizational Scholars Interested in Disability-Related Topics",2
"Does someone with a more competitive personality or a more cooperative personality have more success when leading a business, when all other traits are equal?",2
"What's your vision/strategy and outcomes of learning & development in your company?",2
"Companies that pay for your program",2
"Bi-Weekly /r/IOpsychology Discussion - What have you been reading, and what do you think of it?",2
"EI/EQ Training Resources",2
"Looking for recent (or must read) articles on the IAT",2
"Masters Thesis - Artificial Intelligence based scenarios",2
"Books about management",2
"Meet up at AOM",2
"What are you working on? - July 2022",2
"Non-Psych Graduate Needs Advice",2
"What's it like working as an IO psychologist?",2
"Using the PAI as part of selection",2
"Lost undergrad in need of some guidance",2
"Good Books About Team Member Archetypes?",2
"Post-Grad Plans",2
"What to read next?",2
"Books for sharing",2
"Bi-Weekly /r/IOpsychology Discussion - What have you been reading, and what do you think of it?",2
"Does rem experience transfer well/ if at all - to OD roles?",1
"Is mission alignment considered job relevant?",1
"How do you feel about McKinsey‚Äôs Imbellus game?",1
"Internship Advice",1
"SIOP Conference: Has anyone gotten HRCI credits approved?",1
"Moral emotions in I/O Psych from an evolutionary perspective?",1
"Help with Dissertation!",1
"Undergrad advice!",1
"Best practices",1
"Undergraduate wondering if I should transfer schools",1
"Struggling between I/O psychology and School Psychology?",1
"internships / organizations",1
"be honest: what exactly do you people do? üò≠",1
"Research on food service industry?",1
"I/O Psych with speciality in cybersecurity?",1
"Design and Analysis of Experiments-10th edition",1
"Measuring org wellbeing",1
"Masters in Psychology after MBA Finance",1
"Employee creativity as way to deal with crises at work: The case of covid-19",1
"Aspiring I-O Psychologist!",1
"Getting I/O or business/organizational behavior doctorate degree ?",1
"Scope for IO Psychology outside the USA ( majorly Australia and India)",1
"Statistics/Psychometrics",1
"Looking for HELP/Suggestions on Personnel Selection",1
"Looking for an I-O Psychologist for a Graduate Paper interview",1
"Sometimes I have trouble dilineating where our field ends and business or politics begins.",1
"Looking for a website that had almost all the papers for surveys",1
"Is there any way to view poster information from SIOP 2022 online?",1
"Idea for a bachelor thesis",1
"Bi-Weekly /r/IOpsychology Discussion - What have you been reading, and what do you think of it?",1
"MS thesis on POPs and Knowledge Hiding in Higher ed Faculty",1
"Job Opportunities for IO Psych in Pharma and Clinical Research",1
"Consumer behaviour",1
"psych studies published in non-psych journals",1
"Masters in IO but no prior experience",1
"Is the personality trait ""Achievement-Striving"" the same as being ""Status-Seeking"" or are these different concepts?",1
"Prominent Italians in I/O?",1
"How to Generate data from rasch model in R ?",1
"How often do you encounter BCBAs in this line of work?",1
"What do you think about Schein's books Humble Leadership, Humble Inquiry, Humble Consulting and his other books?",1
"How often should you do team events?",1
"Employee Assistance Programs - How can we improve them?",1
"Link between DEI/wellbeing and Recruitment?",1
"For those in the IOP field - students, professionals, professors, etc",1
"Do you think it makes sense to have everyone employee do a public self-assesment at the end of a project and/or an others-assesment?",1
"Research funding in Management Departments",1
"Community Funds applications are open!",1
"I/O as a Career? Thoughts? Losing an organ derailed me",1
"Assessment methods for skills",1
"Hello, an Indian candidate here. Are there any Indian online reviews or journals equivalent to HBR and the likes?",1
"project need responses",1
"Reasoning score anology",1
"What are you working on? - June 2022",1
"Resume vs. CV",1
"Those who got their masters outside the US",1
"Scales for Role Ambiguity/Conflict?",1
"Research",1
"Will sales job help me get a job in industrial psychology?",0
"Suggestions on my research project.",0
"Proper pronunciation of SME",0
"PhD advisor style preference?",0
"How to stop psychopaths and narcissists from winning positions of power?",0
"Is it normal to have large differences between subtraits?",1
"Literature on phrasing open-ended questions / interview-questions",0
"""Orderliness is associated with slightly lower achievement."" Is this accurate?",0
"What knowledge derived from the study of psychology is practical?",0
"SPSS statistical data",0
"Seeking advice/ opinions!",0
"May I please have recommendations for a layperson guide to personality disorders in the workplace, preferably from DSM5+?",0
"MBTI vs Enneagram",0
"Are You Quiet Quitting? Personal Finance Expert Highlights Risks of Doing the 'Bare Minimum' at Work",0
